stage_code,stage,taxa_name,lw_reg_eqn,slope_b,int_a,lw_reg_length_type,lw_reg_weight_type,lw_reg_source_primary,lw_reg_doi,lw_reg_location,lw_reg_source_secondary,lw_reg_notes
ZOO_STAGE_000,Adult,Calanus finmarchicus,log10(DW_ug) = 3.264 * log10(PL_um) - 8.714,3.264,-8.714,PL,DW,Robertson_1968,"CIT:Robertson, A. 1968. The continuous plankton recorder: a method for studying the biomass of calanoid copepods. Bulletin of Marine Ecology 6: 185-223.",NA,ICES_WGZE_COPEPEDIA;https://wgze.net/biometrics-atlas/;https://wgze.net/index.html;Campbell_et_al_2001;Plourde_Joly_2008,CV-CVI;log10(DW_ug) = 2.231 * log10(PL_um) - 5.18 in Plourde Joly CVI
ZOO_STAGE_000,Adult,Calanus finmarchicus,log10(DW_ug) = 2.267 * log10(CL_um) - 5.105,2.267,-5.105,CL,DW,Karlson_Bamstedt_1994,URL:https://www.jstor.org/stable/24846138,Raunefjorden;Norway,NA,CV C. finmarchicus and 5 other spp.
ZOO_STAGE_000,Adult,Centropages hamatus,log10(DW_ug) = 2.449 * log10(CL_um) - 6.098,2.449,-6.098,PL,DW,KleinBreteler_et_al_1982,10.1016/0077-7579(82)90030-8,North Sea and Cultured copepodites,NA,CI-CVI;cephalothorax length
ZOO_STAGE_000,Adult,Centropages typicus,log10(DW_ug) = 2.451 * log10(PL_um) - 6.103,2.451,-6.103,PL,DW,Hay_et_al_1991,10.1016/0278-4343(91)90021-W,North Sea,NA,CI-CVI
ZOO_STAGE_000,Adult,Centropages typicus,log10(WW_ug) = 3.213 * log10(PL_um) - 7.589,3.213,-7.589,PL,WW,Shmeleva_1965,"CIT:Shmeleva, A.A. 1965. Weight characteristics of the zooplankton of the Adriatic Sea. Bulletin de l'Institut Oceanographicque 65 (1351): 1-24.  ",Adriatic Sea,ICES_WGZE_COPEPEDIA,NA
ZOO_STAGE_000,Adult,Centropages typicus,log10(WW_ug) = 3 * log10(TL_um) - 7.44,3,-7.44,TL,WW,Cohen_Lough_1981,10.2960/J.v2.a4,Adriatic Sea,Krylov_1968,Stage not reported;couldnt find Krylov_1968 refrenced in the wgt_reg_src_primary;W = 0.0362 L^3
ZOO_STAGE_000,Adult,Clausocalanus arcuicornis,log10(WW_ug) = 2.826 * log10(PL_um) - 6.548,2.826,-6.548,PL,WW,Zakaria_et_al_2018,10.1016/j.ejar.2018.05.002,Mediterranean,ICES_WGZE_COPEPEDIA;Shmeleva_1965,NA
ZOO_STAGE_000,Adult,Euphausia krohnii,log10(DW_ug) = 2.723 * log10(TL_um) - 7.661,2.723,-7.661,TL,DW,Lindley_et_al_1999,10.1093/plankt/21.11.2053,North Atlantic ,NA,L from the tip of the rostrum to the tip of the telson excluding terminal spines
ZOO_STAGE_000,Adult,Meganyctiphanes norvegica,log10(C_ug) = 3.930 * log10(TL_um) - 13.200,3.93,-13.2,TL,C,Agersted_Nielsen_2014,10.1093/plankt/fbt139,Greenland,NA,original C_mg = 3.89 * 10^-5 L_mm^3.930
ZOO_STAGE_000,Adult,Metridia lucens,log10(DW_ug) = 3.062 * log10(PL_um) - 8.073,3.062,-8.073,PL,DW,Hay_et_al_1991,10.1016/0278-4343(91)90021-W,North Sea,Hopcroft_et_al_2005;ICES_WGZE_Lutz-Postel;Swalethorp_et_al_2014;Hirche_Mumm_1992,CI-CVI
ZOO_STAGE_000,Adult,Nannocalanus minor,log10(WW_ug) = 3.103 * log10(PL_um) - 7.35,3.103,-7.35,PL,WW,Shmeleva_1965,"CIT:Shmeleva, A.A. 1965. Weight characteristics of the zooplankton of the Adriatic Sea. Bulletin de l'Institut Oceanographicque 65 (1351): 1-24.  ",Adriatic Sea,ICES_WGZE_COPEPEDIA,NA
ZOO_STAGE_000,Adult,Nematoscelis megalops,log10(DW_ug) = 2.822 * log10(TL_um) - 8.069,2.822,-8.069,TL,DW,Lindley_et_al_1999,10.1093/plankt/21.11.2053,North Atlantic ,NA,NA
ZOO_STAGE_000,Adult,Paracalanus parvus,log10(C_ug) = 3.1280 * log10(PL_um) - 8.4510,3.128,-8.451,PL,C,Davis_1984,10.1007/BF00392761,Georges Bank,ICES_WGZE_COPEPEDIA,Eqn. for Paracalanus spp.;CI-CVI
ZOO_STAGE_000,Adult,Paracalanus parvus,log10(C_ug) = 1.966 * log10(TL_um) - 5.404,1.966,-5.404,TL,C,Davis_1984,10.1007/BF00392761,Georges Bank,ICES_WGZE_COPEPEDIA,Eggs-CVI
ZOO_STAGE_000,Adult,Paracalanus parvus,log10(DW_ug) = 2.738 * log10(PL_um) - 6.934,2.738,-6.934,PL,DW,Hay_et_al_1991,10.1016/0278-4343(91)90021-W,North Sea,ICES_WGZE_COPEPEDIA,CI-CVI
ZOO_STAGE_000,Adult,Pseudocalanus minutus,log10(C_ug) = 3.6400 * log10(CL_um) - 10.1550,3.64,-10.155,PL,C,McLaren_1969,10.1139/f69-139,Baffin Island,ICES_WGZE_COPEPEDIA,CIII-CVI;original Cephalothorax Cug = 5.83 L ^3.64
ZOO_STAGE_000,Adult,Pseudocalanus minutus,log10(DW_ug) = 3.649 * log10(PL_um) - 9.870,3.649,-9.87,PL,DW,McLaren_1969,10.1139/f69-139,Baffin Island,ICES_WGZE_COPEPEDIA,NA
ZOO_STAGE_000,Adult,Temora longicornis,log10(DW_ug) = 3.06 * log10(CL_um) - 7.6958,3.06,-7.6958,CL,DW,KleinBreteler_et_al_1982,10.1016/0077-7579(82)90030-8,North Sea and Cultured copepodites,KleinBreteler_Gonzalez_1988;Mauchline_et_al_1998,CI-CVI;CL;Table 33 Page 232
ZOO_STAGE_000,Adult,Thysanoessa gregaria,log10(DW_ug) = 2.871 * log10(TL_um) - 8.233,2.871,-8.233,TL,DW,Lindley_et_al_1999,10.1093/plankt/21.11.2053,North Atlantic ,McGinty_et_al_2023,Eqn. for Thysanoessa longicaudata adult females;L from the tip of the rostrum to the tip of the telson excluding terminal spines;Data Sheet 1 Supp.Table 1
ZOO_STAGE_000,Adult,Thysanoessa longicaudata,log10(DW_ug) = 2.871 * log10(TL_um) - 8.233,2.871,-8.233,TL,DW,Lindley_et_al_1999,10.1093/plankt/21.11.2053,North Atlantic ,NA,Adult females;L from the tip of the rostrum to the tip of the telson excluding terminal spines
ZOO_STAGE_000,Adult,Thysanoessa raschii,log10(C_ug) = 3.549 * log10(TL_um) - 11.530,3.549,-11.53,TL,C,Agersted_Nielsen_2014,10.1093/plankt/fbt139,Greenland,NA,length measured from tip of rostrum to end of telson
ZOO_STAGE_024,CV,Calanus finmarchicus,log10(C_ug) = 3.5687 * log10(PL_um) - 10.02,3.5687,-10.02,PL,C,Madsen_et_al_2001,10.1007/s002270100552,Greenland,Swalethorp_et_al_2014;Davis_1984;ICES_WGZE_COPEPEDIA;Jarvis_2003,CIV-CV; log10(C_ug) = 2.54 * log10(TL_um) - 6.811 in ICES COPEPODIA;log10(C_ug) = 2.89 * log10(PL_um) - 7.831 in Jarvis
ZOO_STAGE_024,CV,Calanus finmarchicus,log10(C_ug) = 2.5400 * log10(TL_um) - 6.8110,2.54,-6.811,TL,C,Davis_1984,10.1007/BF00392761,Georges Bank,ICES_WGZE_COPEPEDIA,Egg-CVI
ZOO_STAGE_024,CV,Calanus finmarchicus,log10(DW_ug) = 3.460 * log10(PL_um) - 9.553,3.46,-9.553,PL,DW,Hay_et_al_1991,10.1016/0278-4343(91)90021-W,North Sea,Mauchline_1998;Diel_KleinBreteler_1986;Karlson_Bomstedt_1994;Jarvis_2003,CI-CVI;Table 33 Page 232
ZOO_STAGE_024,CV,Calanus finmarchicus,log10(DW_ug) = 3.264 * log10(PL_um) - 8.714,3.264,-8.714,PL,DW,Robertson_1968,"CIT:Robertson, A. 1968. The continuous plankton recorder: a method for studying the biomass of calanoid copepods. Bulletin of Marine Ecology 6: 185-223.",NA,ICES_WGZE_COPEPEDIA;https://wgze.net/biometrics-atlas/;https://wgze.net/index.html;Campbell_et_al_2001;Plourde_Joly_2008,CV-CVI 
ZOO_STAGE_024,CV,Calanus finmarchicus,log10(DW_ug) = 2.267 * log10(CL_um) - 5.105,2.267,-5.105,CL,DW,Karlson_Bamstedt_1994,URL:https://www.jstor.org/stable/24846138,Raunefjorden;Norway,NA,CV C. finmarchicus and 5 other spp.
ZOO_STAGE_024,CV,Calanus finmarchicus,log10(DW_ug) =  3.581 * log10(TL_um) - 9.890,3.581,-9.89,TL,DW,Diel_KleinBreteler_1986,10.1007/BF00397574,North Sea,ICES_WGZE_COPEPEDIA,CI-CVI
ZOO_STAGE_024,CV,Centropages hamatus,log10(DW_ug) = 2.449 * log10(CL_um) - 6.098,2.449,-6.098,PL,DW,KleinBreteler_et_al_1982,10.1016/0077-7579(82)90030-8,North Sea and Cultured copepodites,NA,CI-CVI;cephalothorax length
ZOO_STAGE_024,CV,Centropages typicus,log10(DW_ug) = 2.451 * log10(PL_um) - 6.103,2.451,-6.103,PL,DW,Hay_et_al_1991,10.1016/0278-4343(91)90021-W,North Sea,NA,CI-CVI
ZOO_STAGE_024,CV,Clausocalanus arcuicornis,log10(WW_ug) = 2.826 * log10(PL_um) - 6.548,2.826,-6.548,PL,WW,Zakaria_et_al_2018,10.1016/j.ejar.2018.05.002,Mediterranean,NA,Not stage specific same eqn. as adult
ZOO_STAGE_024,CV,Metridia lucens,log10(DW_ug) = 3.062 * log10(PL_um) - 8.073,3.062,-8.073,PL,DW,Hay_et_al_1991,10.1016/0278-4343(91)90021-W,North Sea,Hopcroft_et_al_2005;ICES_WGZE_Lutz-Postel;Swalethorp_et_al_2014;Hirche_Mumm_1992,CI-CVI
ZOO_STAGE_024,CV,Nannocalanus minor,log10(WW_ug) = 3.103 * log10(PL_um) - 7.35,3.103,-7.35,PL,WW,Shmeleva_1965,"CIT:Shmeleva, A.A. 1965. Weight characteristics of the zooplankton of the Adriatic Sea. Bulletin de l'Institut Oceanographicque 65 (1351): 1-24.  ",Adriatic Sea,ICES_WGZE_COPEPEDIA,Not stage specific same eqn. as adult
ZOO_STAGE_024,CV,Paracalanus parvus,log10(DW_ug) = 2.738 * log10(PL_um) - 6.934,2.738,-6.934,PL,DW,Hay_et_al_1991,10.1016/0278-4343(91)90021-W,North Sea,ICES_WGZE_COPEPEDIA,CI-CVI
ZOO_STAGE_024,CV,Pseudocalanus minutus,log10(C_ug) = 3.6400 * log10(CL_um) - 10.1550,3.64,-10.155,PL,C,McLaren_1969,10.1139/f69-139,Baffin Island,NA,high slope;CIII-CVI
ZOO_STAGE_024,CV,Temora longicornis,log10(DW_ug) = 3.06 * log10(CL_um) - 7.6958,3.06,-7.6958,PL,DW,KleinBreteler_et_al_1982,10.1016/0077-7579(82)90030-8,North Sea and Cultured copepodites,KleinBreteler_Gonzalez_1988;Mauchline_et_al_1998,CI-CVI;CL;Table 33 Page 232
ZOO_STAGE_023,CIV,Calanus finmarchicus,log10(C_ug) = 3.5687 * log10(PL_um) - 10.02,3.5687,-10.02,PL,C,Madsen_et_al_2001,10.1007/s002270100552,Greenland,Swalethorp_et_al_2014;Davis_1984;ICES_WGZE_COPEPEDIA,CIV-CV; log10(C_ug) = 2.54 * log10(TL_um) - 6.811 in ICES COPEPODIA
ZOO_STAGE_023,CIV,Calanus finmarchicus,log10(C_ug) = 2.5400 * log10(TL_um) - 6.811,2.54,-6.811,TL,C,Davis_1984,10.1007/BF00392761,Georges Bank,ICES_WGZE_COPEPEDIA,Eggs-CVI
ZOO_STAGE_023,CIV,Calanus finmarchicus,log10(DW_ug) = 3.29 * log10(PL_um) - 8.810,3.29,-8.81,PL,DW,Jarvis_2003,10.21954/ou.ro.0000f704,Scotland;Clyde Sea,NA,CIV-adults
ZOO_STAGE_023,CIV,Calanus finmarchicus,log10(DW_ug) =  3.581 * log10(TL_um) - 9.890,3.581,-9.89,TL,DW,Diel_KleinBreteler_1986,10.1007/BF00397574,North Sea,ICES_WGZE_COPEPEDIA,CI-CVI
ZOO_STAGE_023,CIV,Centropages hamatus,log10(DW_ug) = 2.449 * log10(CL_um) - 6.098,2.449,-6.098,PL,DW,KleinBreteler_et_al_1982,10.1016/0077-7579(82)90030-8,North Sea and Cultured copepodites,NA,CI-CVI;cephalothorax length
ZOO_STAGE_023,CIV,Centropages typicus,log10(DW_ug) = 2.451 * log10(PL_um) - 6.103,2.451,-6.103,PL,DW,Hay_et_al_1991,10.1016/0278-4343(91)90021-W,North Sea,NA,CI-CVI
ZOO_STAGE_023,CIV,Clausocalanus arcuicornis,log10(WW_ug) = 2.826 * log10(PL_um) - 6.548,2.826,-6.548,PL,WW,Zakaria_et_al_2018,10.1016/j.ejar.2018.05.002,Mediterranean,NA,Not stage specific same eqn. as adult
ZOO_STAGE_023,CIV,Metridia lucens,log10(DW_ug) = 3.062 * log10(PL_um) - 8.073,3.062,-8.073,PL,DW,Hay_et_al_1991,10.1016/0278-4343(91)90021-W,North Sea,Hopcroft_et_al_2005; ICES_WGZE_Lutz-Postel; Swalethorp_et_al_2014; Hirche_Mumm_1992,CI-CVI
ZOO_STAGE_023,CIV,Temora longicornis,log10(DW_ug) = 3.06 * log10(CL_um) - 7.6958,3.06,-7.6958,PL,DW,KleinBreteler_et_al_1982,10.1016/0077-7579(82)90030-8,North Sea and Cultured copepodites,KleinBreteler_Gonzalez_1988;Mauchline_et_al_1998,CI-CVI;CL;Table 33 Page 232
ZOO_STAGE_022,CIII,Calanus finmarchicus,log10(C_ug) = 2.5400 * log10(TL_um) - 6.8110,2.54,-6.811,TL,C,Davis_1984,10.1007/BF00392761,Georges Bank,ICES_WGZE_COPEPEDIA,Eggs-CVI
ZOO_STAGE_022,CIII,Calanus finmarchicus,log10(C_ug) = 3.57 * log10(PL_um) - 10.067,3.57,-10.067,PL,C,Swalethorp_et_al_2011,10.3354/meps09065,Disko Bay;western Greenland,NA,CIII-CVI
ZOO_STAGE_022,CIII,Calanus finmarchicus,log10(DW_ug) =  3.581 * log10(TL_um) - 9.890,3.581,-9.89,TL,DW,Diel_KleinBreteler_1986,10.1007/BF00397574,North Sea,ICES_WGZE_COPEPEDIA,CI-CVI
ZOO_STAGE_022,CIII,Calanus finmarchicus,log10(DW_ug) = 3.460 * log10(PL_um) - 9.553,3.46,-9.553,PL,DW,Hay_et_al_1991,10.1016/0278-4343(91)90021-W,North Sea,Mauchline_1998;Diel_KleinBreteler_1986;Karlson_Bomstedt_1994;Jarvis_2003,CI-CVI;Table 33 Page 232
ZOO_STAGE_022,CIII,Centropages typicus,log10(DW_ug) = 2.451 * log10(PL_um) - 6.103,2.451,-6.103,PL,DW,Hay_et_al_1991,10.1016/0278-4343(91)90021-W,North Sea,NA,CI-CVI
ZOO_STAGE_022,CIII,Clausocalanus arcuicornis,log10(WW_ug) = 2.826 * log10(PL_um) - 6.548,2.826,-6.548,PL,WW,Zakaria_et_al_2018,10.1016/j.ejar.2018.05.002,Mediterranean,NA,Not stage specific same eqn. as adult
ZOO_STAGE_022,CIII,Metridia lucens,log10(DW_ug) = 3.062 * log10(PL_um) - 8.073,3.062,-8.073,PL,DW,Hay_et_al_1991,10.1016/0278-4343(91)90021-W,North Sea,Hopcroft_et_al_2005;ICES_WGZE_Lutz-Postel;Swalethorp_et_al_2014;Hirche_Mumm_1992,CI-CVI
ZOO_STAGE_022,CIII,Temora longicornis,log10(DW_ug) = 3.06 * log10(CL_um) - 7.6958,3.06,-7.6958,PL,DW,KleinBreteler_et_al_1982,10.1016/0077-7579(82)90030-8,North Sea and Cultured copepodites,KleinBreteler_Gonzalez_1988;Mauchline_et_al_1998,CI-CVI;CL;Table 33 Page 232
ZOO_STAGE_021,CII,Calanus finmarchicus,log10(C_ug) = 2.5400 * log10(TL_um) - 6.8110,2.54,-6.811,TL,C,Davis_1984,10.1007/BF00392761,Georges Bank,ICES_WGZE_COPEPEDIA,Eggs-CVI
ZOO_STAGE_021,CII,Calanus finmarchicus,log10(DW_ug) =  3.581 * log10(TL_um) - 9.890,3.581,-9.89,TL,DW,Diel_KleinBreteler_1986,10.1007/BF00397574,North Sea,ICES_WGZE_COPEPEDIA,CI-CVI
ZOO_STAGE_021,CII,Calanus finmarchicus,log10(DW_ug) = 3.460 * log10(PL_um) - 9.553,3.46,-9.553,PL,DW,Hay_et_al_1991,10.1016/0278-4343(91)90021-W,North Sea,Mauchline_1998;Diel_KleinBreteler_1986;Karlson_Bomstedt_1994;Jarvis_2003,CI-CVI;Table 33 Page 232
ZOO_STAGE_021,CII,Clausocalanus arcuicornis,log10(WW_ug) = 2.826 * log10(PL_um) - 6.548,2.826,-6.548,PL,WW,Zakaria_et_al_2018,10.1016/j.ejar.2018.05.002,Mediterranean,NA,Not stage specific same eqn. as adult
ZOO_STAGE_021,CII,Metridia lucens,log10(DW_ug) = 3.062 * log10(PL_um) - 8.073,3.062,-8.073,PL,DW,Hay_et_al_1991,10.1016/0278-4343(91)90021-W,North Sea,Hopcroft_et_al_2005;ICES_WGZE_Lutz-Postel;Swalethorp_et_al_2014;Hirche_Mumm_1992,CI-CVI
ZOO_STAGE_021,CII,Temora longicornis,log10(DW_ug) = 3.06 * log10(CL_um) - 7.6958,3.06,-7.6958,PL,DW,KleinBreteler_et_al_1982,10.1016/0077-7579(82)90030-8,North Sea and Cultured copepodites,KleinBreteler_Gonzalez_1988;Mauchline_et_al_1998,CI-CVI;CL;Table 33 Page 232
ZOO_STAGE_020,CI,Calanus finmarchicus,log10(C_ug) = 2.5400 * log10(TL_um) - 6.8110,2.54,-6.811,TL,C,Davis_1984,10.1007/BF00392761,Georges Bank,ICES_WGZE_COPEPEDIA,Eggs-CVI
ZOO_STAGE_020,CI,Calanus finmarchicus,log10(DW_ug) =  3.581 * log10(TL_um) - 9.890,3.581,-9.89,TL,DW,Diel_KleinBreteler_1986,10.1007/BF00397574,North Sea,ICES_WGZE_COPEPEDIA,CI-CVI
ZOO_STAGE_020,CI,Calanus finmarchicus,log10(DW_ug) = 3.460 * log10(PL_um) - 9.553,3.46,-9.553,PL,DW,Hay_et_al_1991,10.1016/0278-4343(91)90021-W,North Sea,Mauchline_1998;Diel_KleinBreteler_1986;Karlson_Bomstedt_1994;Jarvis_2003,CI-CVI;Table 33 Page 232
ZOO_STAGE_020,CI,Clausocalanus arcuicornis,log10(WW_ug) = 2.826 * log10(PL_um) - 6.548,2.826,-6.548,PL,WW,Zakaria_et_al_2018,10.1016/j.ejar.2018.05.002,Mediterranean,NA,Not stage specific same eqn. as adult
ZOO_STAGE_020,CI,Metridia lucens,log10(DW_ug) = 3.062 * log10(PL_um) - 8.073,3.062,-8.073,PL,DW,Hay_et_al_1991,10.1016/0278-4343(91)90021-W,North Sea,Hopcroft_et_al_2005;ICES_WGZE_Lutz-Postel;Swalethorp_et_al_2014;Hirche_Mumm_1992,CI-CVI
ZOO_STAGE_029,Furcilia,Euphausia krohnii,log10(DW_ug) = 2.871 * log10(TL_um) - 8.233,2.871,-8.233,TL,DW,Lindley_et_al_1999,10.1093/plankt/21.11.2053,North Atlantic ,NA,Eqn. for T. longicaudata furcilia;L from the tip of the rostrum to the tip of the telson excluding terminal spines
ZOO_STAGE_029,Furcilia,Thysanoessa gregaria,log10(DW_ug) = 2.871 * log10(TL_um) - 8.233,2.871,-8.233,TL,DW,Lindley_et_al_1999,10.1093/plankt/21.11.2053,North Atlantic ,NA,Eqn. for T. longicaudata furcilia;L from the tip of the rostrum to the tip of the telson excluding terminal spines
ZOO_STAGE_029,Furcilia,Thysanoessa longicaudata,log10(DW_ug) = 2.871 * log10(TL_um) - 8.233,2.871,-8.233,TL,DW,Lindley_et_al_1999,10.1093/plankt/21.11.2053,North Atlantic ,NA,Eqn. for T. longicaudata furcilia;L from the tip of the rostrum to the tip of the telson excluding terminal spines
ZOO_STAGE_029,Furcilia,Thysanoessa raschii,log10(C_ug) = 3.549 * log10(TL_um) - 11.530,3.549,-11.53,TL,C,Agersted_Nielsen_2014,10.1093/plankt/fbt139,Greenland,NA,length measured from tip of rostrum to end of telson
ZOO_STAGE_028,Calyptopis,Euphausia krohnii,log10(DW_ug) = 1.402 * log10(TL_um)  - 3.012,1.402,-3.012,TL,DW,Lindley_et_al_1999,10.1093/plankt/21.11.2053,North Atlantic ,McGinty_et_al_2023,Eqn. for Calyptotes All;Data Sheet 1 Supp.Table 1;L from the tip of the rostrum to the tip of the telson excluding terminal spines
ZOO_STAGE_028,Calyptopis,Thysanoessa gregaria,log10(DW_ug) = 1.402 * log10(TL_um)  - 3.012,1.402,-3.012,TL,DW,Lindley_et_al_1999,10.1093/plankt/21.11.2053,North Atlantic ,McGinty_et_al_2023,Eqn. for Calyptotes All;Data Sheet 1 Supp.Table 1;L from the tip of the rostrum to the tip of the telson excluding terminal spines
ZOO_STAGE_028,Calyptopis,Thysanoessa longicaudata,log10(DW_ug) = 1.402 * log10(TL_um)  - 3.012,1.402,-3.012,TL,DW,Lindley_et_al_1999,10.1093/plankt/21.11.2053,North Atlantic ,McGinty_et_al_2023,Eqn. for Calyptotes All;Data Sheet 1 Supp.Table 1;L from the tip of the rostrum to the tip of the telson excluding terminal spines
ZOO_STAGE_028,Calyptopis,Thysanoessa raschii,log10(DW_ug) = 1.402 * log10(TL_um)  - 3.012,1.402,-3.012,TL,DW,Lindley_et_al_1999,10.1093/plankt/21.11.2053,North Atlantic ,McGinty_et_al_2023,Eqn. for Calyptotes All;Data Sheet 1 Supp.Table 1;L from the tip of the rostrum to the tip of the telson excluding terminal spines
ZOO_STAGE_013,Nauplius,Euphausia krohnii,NA,NA,NA,NA,NA,NA,NA,NA,NA,NA
ZOO_STAGE_013,Nauplius,Thysanoessa gregaria,NA,NA,NA,NA,NA,NA,NA,NA,NA,NA
ZOO_STAGE_013,Nauplius,Thysanoessa longicaudata,NA,NA,NA,NA,NA,NA,NA,NA,NA,NA
ZOO_STAGE_030,Cryptopia,NA ,NA,NA,NA,NA,NA,NA,NA,NA,NA,NA
Not_Staged,Not_Staged,Acartia,log10(C_ug) = 2.92 * log10(PL_um) - 7.95,2.92,-7.95,PL,C,Berggreen_et_al_1988,10.1007/BF02112126,Cultured,Rasmus-Swalethorp;Thor_et_al_2005;Arendt_et_al_2012;Chisholm_Roff_1990,Eqn. for A. tonsa copepodites;Acartia spp. logDW=2.597*log(l)-6.707
Not_Staged,Not_Staged,Acartia danae,log10(C_ug) = 2.92 * log10(PL_um) - 7.95,2.92,-7.95,PL,C,Berggreen_et_al_1988,10.1007/BF02112126,Cultured,Rasmus-Swalethorp;Thor_et_al_2005;Arendt_et_al_2012;Chisholm_Roff_1990,Eqn. for A. tonsa copepodites;Acartia spp. logDW=2.597*log(l)-6.707; log C[ug] = 1.269 * logL[um] - 7.95
Not_Staged,Not_Staged,Acartia longiremis,log10(C_ug) = 2.92 * log10(PL_um) - 7.95,2.92,-7.95,PL,C,Berggreen_et_al_1988,10.1007/BF02112126,Cultured,Rasmus-Swalethorp;Thor_et_al_2005;Arendt_et_al_2012;Chisholm_Roff_1990,Eqn. for A. tonsa copepodites;Acartia spp. logDW=2.597*log(l)-6.707; log C[ug] = 1.269 * logL[um] - 7.95
Not_Staged,Not_Staged,Acartia tonsa,log10(DW_ug) = 2.931 * log10(PL_um) - 8.017,2.931,-8.017,PL,DW,Ara_2001,"CIT:Ara, K. 2001. Length-weight relationships and chemical content of the planktonic copepods in the Cananeia Lagoon estuarine system, Sao Paulo, Brazil. Plankton Biology and Ecology 48: 121–127.",Brazil,Mauchline_1998,also have TL eqn.;Table 33 Page 232
Not_Staged,Not_Staged,Acrocalanus longicornis,log10(C_ug) = 2.512 * log10(PL_um) - 6.76,2.512,-6.76,PL,C,Lavaniegos_Ohman_2007,10.1016/j.pocean.2007.07.002,North Pacific,NA,Eqn. for Copepods
Not_Staged,Not_Staged,Aetideidae,log10(DW_ug) = 3.143 * log10(TL_um) - 8.466,3.143,-8.466,TL,DW,ICES_WGZE_COPEPEDIA,URL:https://www.st.nmfs.noaa.gov/copepedia/taxa/T4000856/html/biometricframe.html,Weddell Sea,Mizdalski_1988 ,Eqn. for Gaidius tenuispinus;CIII-CVI;couldnt find the eqn in the original Mizalski paper
Not_Staged,Not_Staged,Aetideidae,log10(WW_ug) = 3.049 * log10(PL_um) - 7.267,3.049,-7.267,PL,WW,Shmeleva_1965,"CIT:Shmeleva, A.A. 1965. Weight characteristics of the zooplankton of the Adriatic Sea. Bulletin de l'Institut Oceanographicque 65 (1351): 1-24.  ",Adriatic Sea,ICES_WGZE_COPEPEDIA,Eqn. for Aetideus armatus;https://www.st.nmfs.noaa.gov/copepedia/taxa/T4000856/html/biometricframe.html
Not_Staged,Not_Staged,Alteutha depressa,log10(C_ug) = 3.26 * log10(TL_um) - 9.409,3.26,-9.409,TL,C,Hirota_1986,NA,NA,Ara_Shimoto_2018;Satapoomin_1999;Ara_2001;Hopcroft_Roff_1998;Satapoomin_1999,Eqn. for harpacticoids;Satapoomin has eqn for different type of harpacticoids with different body
Not_Staged,Not_Staged,Amphipoda,log10(DW_ug) = 2.711 * log10(TL_um) - 7.37,2.711,-7.37,TL,DW,Yamada_et_al_2002,10.1007/s00227-002-0835-4,western subarctic Pacific,Nakamura_et_al_2017;McGinty_et_al_2023,Eqn. for Themisto pacifica BL;Data Sheet 1 Supp.Table 1
Not_Staged,Not_Staged,Amphipoda,log10(DW_ug) = 0.92 * log10(WW_ug) - 0.33,0.92,-0.33,WW,DW,Kiorboe_2013,10.4319/lo.2013.58.5.1843,NA,NA,NA
Not_Staged,Not_Staged,Anomura,log10(C_ug) = 3.28 * log10(CL_um) - 8.4209,3.28,-8.4209,CL,C,Hirota_1986,NA,NA,Ara_Shimoto_2018,Eqn. for decapod larvae
Not_Staged,Not_Staged,Appendicularia,log10(DW_ug) = 2.574 * log10(TrL_um) - 6.133,2.574,-6.133,TrL,DW,Lavaniegos_Ohman_2007,10.1016/j.pocean.2007.07.002,Mediterranean,Fenaux_Gorsky_1983;Hirst_2012,Eqn. for Oikopleura longicauda
Not_Staged,Not_Staged,Augaptilidae,log10(C_ug) = 2.512 * log10(PL_um) - 6.76,2.512,-6.76,PL,C,Lavaniegos_Ohman_2007,10.1016/j.pocean.2007.07.002,North Pacific,NA,Eqn. for Copepods
Not_Staged,Not_Staged,Augaptilidae,log10(WW_ug) = 2.10 * log10(TL_um) - 4.396910,2.1,-4.39691,TL,WW,Richardson_et_al_2006,10.1016/j.pocean.2005.09.011,NA,McGinty_et_al_2023;Peters_1983,General eqn. for copoepods/zooplankton used in CPR survey;p.67;Data Sheet 1 Supp. Table 1;Original WM= 0.08*TL^2.1
Not_Staged,Not_Staged,Balanidae,log10(DW_ug) = 3.716 * log10(TL_um) - 10.105,3.716,-10.105,TL,DW,Muxagata_2005,NA,Southampton;English Channel,NA,Eqn. for Semibalanus balanoides
Not_Staged,Not_Staged,Bivalvia,log10(C_ug) = 2.88 * log10(SL_um) - 7.514,2.88,-7.514,SL,C,Fotel_et_al_1999,10.1016/S0022-0981(98)00136-1,Denmark;Laboratory,Swalethorp_et_al_2014,Eqn. for Mytilus edulis larvae;Table S1;Shell length was measured as the greatest dimension in a line parallel to the hinge (anterior–posterior axis)
Not_Staged,Not_Staged,Bivalvia,log10(DW_ug) = 2.6 * log10(SL_um) - 6.203,2.6,-6.203,SL,DW,Sprung_1984,URL:https://www.jstor.org/stable/24815959,Helgoland;Germany;Laboratory,Jespersen_Olsen_1982,Eqn. for Mytilus edulis larvae;Fig.3;for small larvae generally under 300 um;log10(DW_ug) = 3.49 * log10(L_um) - 8.556 Jespersen_Olsen_1982
Not_Staged,Not_Staged,Brachiopoda,log10(C_ug) = 1.47 * log10(SL_um) - 3.451,1.47,-3.451,SL,C,Hirota_1986,NA,NA,Ara_Shimoto_2018,Eqn. for bivalve larvae
Not_Staged,Not_Staged,Brachyura,log10(DW_ug) = 2.58 * log10(CL_um) - 5.70,2.58,-5.7,CL,DW,Lindley_1998,10.1017/S0025315400040121,Northeast Atlantic,NA,NA
Not_Staged,Not_Staged,Calanidae,log10(C_ug) = 2.512 * log10(PL_um) - 6.76,2.512,-6.76,PL,C,Lavaniegos_Ohman_2007,10.1016/j.pocean.2007.07.002,North Pacific,NA,Eqn. for Copepods
Not_Staged,Not_Staged,Calanoida,log10(DW_ug) = 2.741 * log10(PL_um) - 7.13,2.741,-7.13,PL,DW,Chisholm_Roff_1990,10.1007/BF02114676,Jamaica,NA,NA
Not_Staged,Not_Staged,Calanoida nauplius,log10(C_ug) = 3.31 * log10(PL_um) - 8.50,3.31,-8.5,PL,C,Berggreen_et_al_1988,10.1007/BF02112126,Cultured,NA,Eqn. for A. tonsa nauplii
Not_Staged,Not_Staged,Calanus,log10(DW_ug) = 3.0694 * log10(TL_um) - 7.951,3.0694,-7.951,TL,DW,Cohen_Lough_1981,10.2960/J.v2.a4,NA,Chislenko_1968,Stage not reported
Not_Staged,Not_Staged,Calanus finmarchicus,log10(DW_ug) = 3.264 * log10(PL_um) - 8.714,3.264,-8.714,PL,DW,Robertson_1968,"CIT:Robertson, A. 1968. The continuous plankton recorder: a method for studying the biomass of calanoid copepods. Bulletin of Marine Ecology 6: 185-223.",NA,ICES_WGZE_COPEPEDIA;https://wgze.net/biometrics-atlas/;https://wgze.net/index.html;Campbell_et_al_2001,same as adult;CV-CVI
Not_Staged,Not_Staged,Calocalanus,log10(WW_ug) = 2.772 * log10(PL_um) - 6.488,2.772,-6.488,PL,WW,Shmeleva_1965,"CIT:Shmeleva, A.A. 1965. Weight characteristics of the zooplankton of the Adriatic Sea. Bulletin de l'Institut Oceanographicque 65 (1351): 1-24.  ",Adriatic Sea,ICES_WGZE_COPEPEDIA;Isari_et_al_2014,Eqn. for Calocalanus pavoninus
Not_Staged,Not_Staged,Calocalanus tenuis,log10(C_ug) = 2.512 * log10(PL_um) - 6.76,2.512,-6.76,PL,C,Lavaniegos_Ohman_2007,10.1016/j.pocean.2007.07.002,North Pacific,NA,Eqn. for Copepods
Not_Staged,Not_Staged,Calocalanus tenuis,log10(WW_ug) = 2.772 * log10(PL_um) - 6.488,2.772,-6.488,PL,WW,Shmeleva_1965,"CIT:Shmeleva, A.A. 1965. Weight characteristics of the zooplankton of the Adriatic Sea. Bulletin de l'Institut Oceanographicque 65 (1351): 1-24.  ",Adriatic Sea,NA,Eqn. for Calocalanus pavoninus
Not_Staged,Not_Staged,Candacia,log10(WW_ug) = 2.10 * log10(TL_um) - 4.396910,2.1,-4.39691,TL,WW,Richardson_et_al_2006,10.1016/j.pocean.2005.09.011,NA,McGinty_et_al_2023;Peters_1983,General eqn. for copepods/zooplankton used in CPR survey;p.67;Data Sheet 1 Supp. Table 1;Original WMmg= 0.08*TLmm^2.1
Not_Staged,Not_Staged,Candacia armata,log10(WW_ug) = 2.10 * log10(TL_um) - 4.396910,2.1,-4.39691,TL,WW,Richardson_et_al_2006,10.1016/j.pocean.2005.09.011,NA,McGinty_et_al_2023;Peters_1983,General eqn. for copepods/zooplankton used in CPR survey;p.67;Data Sheet 1 Supp. Table 1;Original WMmg= 0.08*TLmm^2.1
Not_Staged,Not_Staged,Caridea,log10(DW_ug) = 3.19 * log10(CL_um) - 7.76,3.19,-7.76,CL,DW,Lindley_1998,10.1017/S0025315400040121,Northeast Atlantic,NA,NA
Not_Staged,Not_Staged,Centropages,log10(DW_ug) = 2.451 * log10(PL_um) - 6.103,2.451,-6.103,PL,DW,Hay_et_al_1991,10.1016/0278-4343(91)90021-W,North Sea,Ara_2001;KleinBreteler_et_al_1982,CI-CVI
Not_Staged,Not_Staged,Centropages bradyi,log10(WW_ug) = 2.10 * log10(TL_um) - 4.396910,2.1,-4.39691,TL,WW,Richardson_et_al_2006,10.1016/j.pocean.2005.09.011,NA,McGinty_et_al_2023;Peters_1983,General eqn. for copepods/zooplankton used in CPR survey;p.67;Data Sheet 1 Supp. Table 1;Original WMmg= 0.08*TLmm^2.1
Not_Staged,Not_Staged,Centropages furcatus,log10(C_ug) = 3.82 * log10(CL_um) - 10.67,3.82,-10.67,PL,C,Satapoomin_1999,10.1093/plankt/21.11.2117,Andaman Sea,ICES_WGZE_COPEPEDIA,Cephalothorax length
Not_Staged,Not_Staged,Centropages furcatus,log10(DW_ug) = 3.82 * log10(CL_um) - 10.38,3.82,-10.38,PL,DW,Satapoomin_1999,10.1093/plankt/21.11.2117,Andaman Sea,ICES_WGZE_COPEPEDIA,Cephalothorax length
Not_Staged,Not_Staged,Centropages hamatus,log10(DW_ug) = 2.449 * log10(CL_um) - 6.098,2.449,-6.098,PL,DW,KleinBreteler_et_al_1982,10.1016/0077-7579(82)90030-8,North Sea and Cultured copepodites,NA,same as adult;CI-CVI;cephalothorax length
Not_Staged,Not_Staged,Centropages typicus,log10(DW_ug) = 2.451 * log10(PL_um) - 6.103,2.451,-6.103,PL,DW,Hay_et_al_1991,10.1016/0278-4343(91)90021-W,North Sea,NA,same as adult;CI-CVI
Not_Staged,Not_Staged,Centropages typicus,log10(WW_ug) = 3.213 * log10(PL_um) - 7.589,3.213,-7.589,PL,WW,Shmeleva_1965,"CIT:Shmeleva, A.A. 1965. Weight characteristics of the zooplankton of the Adriatic Sea. Bulletin de l'Institut Oceanographicque 65 (1351): 1-24.  ",Adriatic Sea,ICES_WGZE_COPEPEDIA,same as adult
Not_Staged,Not_Staged,Centropages typicus,log10(WW_ug) = 3 * log10(TL_um) - 7.44,3,-7.44,TL,WW,Cohen_Lough_1981,10.2960/J.v2.a4,Adriatic Sea,Krylov_1968,same as adult;Stage not reported;couldnt find Krylov_1968 refrenced in the wgt_reg_src_primary;W = 0.0362 L^3
Not_Staged,Not_Staged,Chaetognatha,log10(C_ug) = 2.9093 * log10(TL_um) - 9.75,2.9093,-9.75,TL,C,Lavaniegos_Ohman_2007,10.1016/j.pocean.2007.07.002,North Pacific;North Atlantic,Hirst_2012,Estimated from 6 spp.
Not_Staged,Not_Staged,Chaetognatha,log10(DW_ug) = 2.80 * log10(TL_um) - 9,2.8,-9,TL,DW,McGinty_et_al_2023,10.3389/fmars.2023.989770,Japan,Imao_2005,Eqn. for Chaetognatha;Data Sheet 1 Supp.Table 1
Not_Staged,Not_Staged,Clausocalanidae,log10(WW_ug) = 2.826 * log10(PL_um) - 6.548,2.826,-6.548,PL,WW,Zakaria_et_al_2018,10.1016/j.ejar.2018.05.002,Mediterranean,ICES_WGZE_COPEPEDIA;Shmeleva_1965,NA
Not_Staged,Not_Staged,Clausocalanus,log10(WW_ug) = 2.10 * log10(TL_um) - 4.396910,2.1,-4.39691,TL,WW,Richardson_et_al_2006,10.1016/j.pocean.2005.09.011,NA,McGinty_et_al_2023;Peters_1983,General eqn. for copepods/zooplankton used in CPR survey;p.67;Data Sheet 1 Supp. Table 1;Original WMmg= 0.08*TLmm^2.1
Not_Staged,Not_Staged,Clausocalanus arcuicornis,log10(WW_ug) = 2.826 * log10(PL_um) - 6.548,2.826,-6.548,PL,WW,Zakaria_et_al_2018,10.1016/j.ejar.2018.05.002,Mediterranean,ICES_WGZE_COPEPEDIA;Shmeleva_1965,same as adult
Not_Staged,Not_Staged,Clausocalanus furcatus,log10(DW_ug) = 3.25 * log10(PL_um) - 8.54,3.25,-8.54,PL,DW,Chisholm_Roff_1990,10.1007/BF02114676,Jamaica,NA,NA
Not_Staged,Not_Staged,Clytemnestra,log10(DW_ug) = 2.857 * log10(PL_um) - 7.09,2.857,-7.09,PL,DW,Ara_2001,"CIT:Ara, K. 2001. Length-weight relationships and chemical content of the planktonic copepods in the Cananeia Lagoon estuarine system, Sao Paulo, Brazil. Plankton Biology and Ecology 48: 121–127.",Brazil,NA,Eqn. for Euterpina acutifrons;also have TL eqn.
Not_Staged,Not_Staged,Cnidaria,log10(DW_ug) = 2.94 * log10(TL_um) - 8,2.94,-8,TL,DW,Nakamura_et_al_2017,10.6620/ZS.2017.56-13,Pacific,Imao_2005,NA
Not_Staged,Not_Staged,Copepoda,log10(C_ug) = 2.512 * log10(PL_um) - 6.76,2.512,-6.76,PL,C,Lavaniegos_Ohman_2007,10.1016/j.pocean.2007.07.002,Pacific,Hirst_2012;Nakamura_et_al_2017,based on 38 copepods spp. 
Not_Staged,Not_Staged,Copepoda,log10(C_ug) = 0.95 * log10(WW_ug) - 0.78,0.95,-0.78,WW,C,Kiorboe_2013,10.4319/lo.2013.58.5.1843,NA,NA,NA
Not_Staged,Not_Staged,Copepoda,log10(DW_ug) = 2.62 * log10(TL_um) - 6.40,2.62,-6.4,TL,DW,Nakamura_et_al_2017,10.6620/ZS.2017.56-13,Pacific,Imao_2005,NA
Not_Staged,Not_Staged,Corycaeidae,log10(DW_ug) = 2.875 * log10(PL_um) - 7.458,2.875,-7.458,PL,DW,Nakamura_et_al_2017,10.6620/ZS.2017.56-13,western subarctic Pacific,Nishibe_2005,Eqn. for Poecilostomatoid Copepoda;12 spp.;CV-CVI;log W[ug] = 1.70 * log(L[um]) - 4.31 in Chisholm and Roff 1990
Not_Staged,Not_Staged,Corycaeus,log10(DW_ug) = 2.875 * log10(PL_um) - 7.458,2.875,-7.458,PL,DW,Nakamura_et_al_2017,10.6620/ZS.2017.56-13,western subarctic Pacific,Nishibe_2005,Eqn. for Poecilostomatoid Copepoda;12 spp.;CV-CVI;log W[ug] = 1.70 * log(L[um]) - 4.31 in Chisholm and Roff 1990
Not_Staged,Not_Staged,Creseis,log10(DW_ug) = 1.501 * log10(SL_um) - 2.37,1.501,-2.37,SL,DW,Bednarsek_et_al_2012,10.1016/j.dsr2.2011.08.003,Scotia Sea Southern Ocean,McGinty_et_al_2023,Eqn. for L. helicina;Data Sheet 1 Supp.Table 1
Not_Staged,Not_Staged,Ctenocalanus,log10(WW_ug) = 2.654 * log10(PL_um) - 6.108,2.654,-6.108,PL,WW,Shmeleva_1965,"CIT:Shmeleva, A.A. 1965. Weight characteristics of the zooplankton of the Adriatic Sea. Bulletin de l'Institut Oceanographicque 65 (1351): 1-24.  ",Adriatic Sea,ICES_WGZE_COPEPEDIA,Eqn for. Ctenocalanus vanus
Not_Staged,Not_Staged,Ctenocalanus vanus,log10(WW_ug) = 2.654 * log10(PL_um) - 6.108,2.654,-6.108,PL,WW,Shmeleva_1965,"CIT:Shmeleva, A.A. 1965. Weight characteristics of the zooplankton of the Adriatic Sea. Bulletin de l'Institut Oceanographicque 65 (1351): 1-24.  ",Adriatic Sea,ICES_WGZE_COPEPEDIA,NA
Not_Staged,Not_Staged,Cumacea,log10(DW_ug) = 2.42 * log10(BL_um) - 6.92,2.42,-6.92,TL,DW,Rosati_et_al_2012,10.1016/j.ecss.2012.08.008,Mediterranean;Black Sea,NA,AFDW
Not_Staged,Not_Staged,Cyclopoida,log10(DW_ug) = 1.997 * log10(PL_um) - 5.3245,1.997,-5.3245,PL,DW,Nakamura_et_al_2017,10.6620/ZS.2017.56-13,western subarctic Pacific,Kaneko_2005,Eqn. for Cyclopoid Copepoda;3 spp.;CI-CVI
Not_Staged,Not_Staged,Decapoda,log10(C_ug) = 2.44 * log10(CL_um) - 5.1961,2.44,-5.1961,CL,C,Lavaniegos_Ohman_2007,10.1016/j.pocean.2007.07.002,North Pacific,NA,Eqn. for Decapods
Not_Staged,Not_Staged,Echinodermata,NA,NA,NA,NA,NA,NA,NA,NA,NA,NA
Not_Staged,Not_Staged,Ectoprocta,NA,NA,NA,NA,NA,NA,NA,NA,NA,NA
Not_Staged,Not_Staged,Eucalanidae,log10(C_ug)  = 2.828 * log10(PL_um) - 8.970,2.828,-8.97,PL,C,Ueda_et_al_2008,"CIT:Ueda, A., T. Kobari, and D. K. Steinberg. 2008. Body length, weight and chemical composition of ontogenetically migrating copepods in the Western Subarctic Gyre of the North Pacific Ocean. Bull. Plankton Soc. Japan 55: 107–114.",North Pacific Ocean,NA,Eqn. for E. bungii
Not_Staged,Not_Staged,Eucalanidae,log10(DW_ug) = 3.09 * log10(PL_um) - 9.2726,3.09,-9.2726,PL,DW,Hopcroft_et_al_2002,10.1016/S0079-6611(02)00052-6,Monterey Bay;California;Pacific,Jimenez-Perez_Lavaniegos_2004,Eqn. for E. californicus;log10(DW_ug) = 2.052 * log10(L_um) - 5.408 for E. bungii in Ueda_et_al_2008
Not_Staged,Not_Staged,Eucalanidae,log10(WW_ug) = 3.187 * log10(TL_um) - 8.097,3.187,-8.097,TL,WW,Mauchline_1998,10.1016/S0065-2881(08)60240-0,NA,Gruzov_Alekseyeva_1970,Eqn. for E. crassus;CH7
Not_Staged,Not_Staged,Eucalanus,log10(C_ug)  = 2.828 * log10(PL_um) - 8.970,2.828,-8.97,PL,C,Ueda_et_al_2008,"CIT:Ueda, A., T. Kobari, and D. K. Steinberg. 2008. Body length, weight and chemical composition of ontogenetically migrating copepods in the Western Subarctic Gyre of the North Pacific Ocean. Bull. Plankton Soc. Japan 55: 107–114.",North Pacific Ocean,NA,Eqn. for E. bungii
Not_Staged,Not_Staged,Eucalanus,log10(DW_ug) = 3.09 * log10(PL_um) - 9.2726,3.09,-9.2726,PL,DW,Hopcroft_et_al_2002,10.1016/S0079-6611(02)00052-6,Monterey Bay;California;Pacific,Jimenez-Perez_Lavaniegos_2004,Eqn. for E. californicus;log10(DW_ug) = 2.052 * log10(L_um) - 5.408 for E. bungii in Ueda_et_al_2008
Not_Staged,Not_Staged,Eucalanus,log10(WW_ug) = 3.187 * log10(TL_um) - 8.097,3.187,-8.097,TL,WW,Mauchline_1998,10.1016/S0065-2881(08)60240-0,NA,Gruzov_Alekseyeva_1970,Eqn. for E. crassus;CH7
Not_Staged,Not_Staged,Euchaetidae,log10(DW_ug) = 3 * log10(PL_um) - 7.74,3,-7.74,PL,DW,Webber_Roff_1995,10.1007/BF00349227,Jamaica,Razouls_et_al_2005,Eqn. for Euchaeta marina
Not_Staged,Not_Staged,Euphausia krohnii,log10(DW_ug) = 2.723 * log10(TL_um) - 7.661,2.723,-7.661,TL,DW,Lindley_et_al_1999,10.1093/plankt/21.11.2053,North Atlantic ,NA,same as adult;L from the tip of the rostrum to the tip of the telson excluding terminal spines
Not_Staged,Not_Staged,Euphausiacea,log10(C_ug) = 3.174 * log10(TL_um) - 9.995,3.174,-9.995,TL,C,Lavaniegos_Ohman_2007,10.1016/j.pocean.2007.07.002,,NA,Eqn. for Euphausia pacifica
Not_Staged,Not_Staged,Euphausiacea,log10(DW_ug) = 2.80 * log10(TL_um) - 7.944,2.8,-7.944,TL,DW,Lindley_et_al_1999,10.1093/plankt/21.11.2053,North Atlantic ,McGinty_et_al_2023,6 taxa all stages;Data Sheet 1 Supp.Table 1
Not_Staged,Not_Staged,Euphausiacea,log10(DW_ug) = 1.01 * log10(WW_ug) - 1.05,1.01,-1.05,WW,DW,Kiorboe_2013,10.4319/lo.2013.58.5.1843,NA,Hirst_2012,NA
Not_Staged,Not_Staged,Eurytemora,log10(DW_ug) = 3.04 * log10(PL_um) - 7.834,3.04,-7.834,PL,DW,Escribano_McLaren,10.1016/0022-0981(92)90259-D,Nova Scotia,NA,Eqn. for E. herdmani at 10C
Not_Staged,Not_Staged,Evadne,log10(C_ug) = 4.15 * log10(TL_um) - 11.15,4.15,-11.15,TL,C,Uye_1982,10.1007/BF02110286,Sea of Japan,Ara_Shiomoto_2018;Pitois_Fox_2006;Rose_et_al_2004,Eqn. for Podon leuckarti;https://meetings.pices.int/Publications/Presentations/PICES-2018/W6-1410-Ara-updated.pdf
Not_Staged,Not_Staged,Evadne,log10(DW_ug) = 3.90 * log10(BL_um) - 10.12,3.9,-10.12,TL,DW,Uye_1982,10.1007/BF02110286,Sea of Japan,Ara_Shiomoto_2018;Pitois_Fox_2006;Rose_et_al_2004,Eqn. for Podon leuckarti;https://meetings.pices.int/Publications/Presentations/PICES-2018/W6-1410-Ara-updated.pdf;log10(DW_ug) = 1.05 * log10(BL_um) - 2.59 general cladoceran eqn in Rose et al gives low DW values
Not_Staged,Not_Staged,Foraminifera,log10(DW_ug) = 2.17 * log10(L_um) - 4.4437,2.17,-4.4437,TL,DW,Lombard_et_al_2009,,California;Puerto Rico,NA,Eqn. for G. sacculifer;shell weight not sure if same as DW
Not_Staged,Not_Staged,Gammaridae,log10(DW_ug) = 2.711 * log10(BL_um) - 7.37,2.711,-7.37,TL,DW,Yamada_et_al_2002,10.1007/s00227-002-0835-4,western subarctic Pacific,McGinty_et_al_2023,Eqn. for P. abyssalis;maximal distance between the tip of the head to the distal end of the uropod of the straightened body;Data Sheet 1 Supp.Table 1
Not_Staged,Not_Staged,Gammaridea,log10(DW_ug) = 2.711 * log10(BL_um) - 7.37,2.711,-7.37,TL,DW,Yamada_et_al_2002,10.1007/s00227-002-0835-4,western subarctic Pacific,McGinty_et_al_2023,Eqn. for P. abyssalis;maximal distance between the tip of the head to the distal end of the uropod of the straightened body;Data Sheet 1 Supp.Table 1
Not_Staged,Not_Staged,Gastropoda,log10(C_ug) = 2.05 * log10(SL_um) - 4.64,2.05,-4.64,TL,C,Hansen_Ockelmann_1991,10.1007/BF01319707,Baltic Sea,Swalethorp_et_al_2014,larvae;Table S1
Not_Staged,Not_Staged,Harpacticoida,log10(C_ug) = 3.26 * log10(TL_um) - 9.409,3.26,-9.409,TL,C,Hirota_1986,NA,NA,Ara_Shimoto_2018;Satapoomin_1999;Ara_2001;Hopcroft_Roff_1998 ,Eqn. for harpacticoids
Not_Staged,Not_Staged,Harpacticoida,log10(DW_ug) = 2.857 * log10(PL_um) - 7.09,2.857,-7.09,PL,DW,Ara_2001,"CIT:Ara, K. 2001. Length-weight relationships and chemical content of the planktonic copepods in the Cananeia Lagoon estuarine system, Sao Paulo, Brazil. Plankton Biology and Ecology 48: 121–127.",Brazil,NA,Eqn. for Euterpina acutifrons;also have TL eqn.
Not_Staged,Not_Staged,Heteropoda,NA,NA,NA,NA,NA,NA,NA,NA,NA,NA
Not_Staged,Not_Staged,Heterorhabdidae,log10(DW_ug) = 3.53 * log10(PL_um) - 9.579,3.53,-9.579,PL,DW,Yamaguchi_Ikeda_2000,10.1093/plankt/22.1.29,western subarctic Pacific,Nakamura_et_al_2017,Eqn. for Heterorhabdus tanneri;CIII-CVI;this species is not found in NES
Not_Staged,Not_Staged,Hyperiidea,log10(DW_ug) = 2.711 * log10(BL_um) - 7.37,2.711,-7.37,TL,DW,Yamada_et_al_2002,10.1007/s00227-002-0835-4,western subarctic Pacific,McGinty_et_al_2023,Eqn. for P. abyssalis;maximal distance between the tip of the head to the distal end of the uropod of the straightened body;Data Sheet 1 Supp.Table 1
Not_Staged,Not_Staged,Hyperiidea,log10(DW_ug) = 2.4614 * log10(BL_um) - 6.576,2.4614,-6.576,TL,DW,Williams_Robins_1979,10.1007/BF00398138,Northeast Atlantic,NA,Eqn. for Parathemisto gaudichaudi
Not_Staged,Not_Staged,Isopoda,NA,NA,NA,NA,NA,NA,NA,NA,NA,NA
Not_Staged,Not_Staged,Labidocera,log10(DW_ug) = 2.637 * log10(PL_um) - 7.42,2.637,-7.42,PL,DW,Ara_2001,"CIT:Ara, K. 2001. Length-weight relationships and chemical content of the planktonic copepods in the Cananeia Lagoon estuarine system, Sao Paulo, Brazil. Plankton Biology and Ecology 48: 121–127.",Brazil,Hernandez-Trujillo_et_al_2014;McGinty_et_al_2023;ICES_WGZE_COPEPEDIA,Eqn. for Labidocera fluviatilis;Data Sheet 1 Supp.Table 1
Not_Staged,Not_Staged,Labidocera,log10(WW_ug) = 3.162 * log10(TL_um) - 7.981,3.162,-7.981,TL,WW,ICES_WGZE_COPEPEDIA,CIT:ICES WGZE. 2021. WGZE Biometrics Atlas for the ICES North Atlantic region. WGZE Biometrics Atlas.,NA,NA,Eqn. for Labidocera acutifrons
Not_Staged,Not_Staged,Labidocera aestiva,log10(DW_ug) = 2.637 * log10(PL_um) - 7.42,2.637,-7.42,PL,DW,Ara_2001,"CIT:Ara, K. 2001. Length-weight relationships and chemical content of the planktonic copepods in the Cananeia Lagoon estuarine system, Sao Paulo, Brazil. Plankton Biology and Ecology 48: 121–127.",Brazil,Hernandez-Trujillo_et_al_2014;McGinty_et_al_2023;ICES_WGZE_COPEPEDIA,Eqn. for Labidocera fluviatilis;Data Sheet 1 Supp.Table 1
Not_Staged,Not_Staged,Labidocera aestiva,log10(WW_ug) = 3.162 * log10(TL_um) - 7.981,3.162,-7.981,TL,WW,ICES_WGZE_COPEPEDIA,CIT:ICES WGZE. 2021. WGZE Biometrics Atlas for the ICES North Atlantic region. WGZE Biometrics Atlas.,NA,NA,Eqn. for Labidocera acutifrons
Not_Staged,Not_Staged,Lucicutia,log10(WW_ug) = 3.327 * log10(PL_um) - 8.007  ,3.327,-8.007,PL,WW,Shmeleva_1965,"CIT:Shmeleva, A.A. 1965. Weight characteristics of the zooplankton of the Adriatic Sea. Bulletin de l'Institut Oceanographicque 65 (1351): 1-24.  ",Adriatic Sea,ICES_WGZE_COPEPEDIA,Eqn. for Lucicutia flavicornis;https://apps-st.fisheries.noaa.gov/nauplius/media/copepedia/taxa/T4000032/html/biometricframe.html
Not_Staged,Not_Staged,Lucifer,log10(C_ug) = 2.489 * log10(PBSL_um) - 6.358,2.489,-6.358,TL,C,Vega-Perez_et_al_1996,"CIT:Vega-Perez, K. Ara, T. H. Liang, and M. M. Pedreira. 1996. Feeding of the planktonic shrimp Lucifer faxoni Borradaile, 1915 (Crustacea: Decapoda) in the laboratory. Rev. bras. oceanogr. 44: 1–8.",South Atlantic;Brazil;Laboratory,Ara_et_al_2016,Pre-buccal Somite Length;ICES 6th Zooplankton Symposium
Not_Staged,Not_Staged,Lucifer,log10(WW_ug) = 2.489 * log10(PBSL_um) - 4.98,2.489,-4.98,TL,WW,Vega-Perez_et_al_1996,"CIT:Vega-Perez, K. Ara, T. H. Liang, and M. M. Pedreira. 1996. Feeding of the planktonic shrimp Lucifer faxoni Borradaile, 1915 (Crustacea: Decapoda) in the laboratory. Rev. bras. oceanogr. 44: 1–8.",South Atlantic;Brazil;Laboratory,NA,Eqn for. L. faxoni;Pre-buccal Somite Length
Not_Staged,Not_Staged,Mecynocera clausi,log10(DW_ug) = 2.875 * log10(PL_um) - 7.458,2.875,-7.458,PL,DW,Nakamura_et_al_2017,10.6620/ZS.2017.56-13,western subarctic Pacific,Nishibe_2005,Eqn. for Poecilostomatoid Copepoda;12 spp.;CV-CVI;log W[ug] = 1.70 * log(L[um]) - 4.31 in Chisholm and Roff 1990
Not_Staged,Not_Staged,Meganyctiphanes norvegica,log10(C_ug) = 3.930 * log10(TL_um) - 13.200,3.93,-13.2,TL,C,Agersted_Nielsen_2014,10.1093/plankt/fbt139,Greenland,NA,NA
Not_Staged,Not_Staged,Metridia,log10(DW_ug) = 3.0167 * log10(PL_um) - 7.97,3.0167,-7.97,PL,DW,Hirche_Mumm_1992,10.1016/S0198-0149(06)80017-8,Arctic Ocean,Swalethorp_et_al_2014,Eqn. for Metridia longa;CI-CVI;Swalethorp reports this eqn with C
Not_Staged,Not_Staged,Metridia lucens,log10(DW_ug) = 3.062 * log10(PL_um) - 8.073,3.062,-8.073,PL,DW,Hay_et_al_1991,10.1016/0278-4343(91)90021-W,North Sea,Hopcroft_et_al_2005;ICES_WGZE_Lutz-Postel;Swalethorp_et_al_2014;Hirche_Mumm_1992,same as adult;CI-CVI
Not_Staged,Not_Staged,Metridiidae,log10(DW_ug) = 3.0167 * log10(PL_um) - 7.97,3.0167,-7.97,PL,DW,Hirche_Mumm_1992,10.1016/S0198-0149(06)80017-8,Arctic Ocean,Swalethorp_et_al_2014,Eqn. for Metridia longa;CI-CVI;Swalethorp reports this eqn with C
Not_Staged,Not_Staged,Microcalanus,log10(C_ug) = 2.16 * log10(PL_um) - 6.025,2.16,-6.025,PL,C,Dvoretsky_Dvoretsky_2023,10.3390/d15010081,NA,Sabatini_Kiorboe_1994,Microcalanus pusillus
Not_Staged,Not_Staged,Mysida,log10(DW_ug) = 3.10 * log10(BL_um) - 9.04,3.1,-9.04,TL,DW,Ikeda_1992,10.1093/plankt/14.12.1767,southern Japan Sea,Nakamura_et_al_2017,Eqn. for Meterythrops microphtalma
Not_Staged,Not_Staged,Mysidopsis bigelowi,log10(C_ug) = 3.10 * log10(CL_um) - 9.468,3.1,-9.468,CL,C,Uye_1982,10.1007/BF02110286,Japan,Ara_et_al_2016,Eqn. for Mysids;ICES 6th Zooplankton Symposium
Not_Staged,Not_Staged,Nannocalanus minor,log10(WW_ug) = 3.103 * log10(PL_um) - 7.35,3.103,-7.35,PL,WW,Shmeleva_1965,"CIT:Shmeleva, A.A. 1965. Weight characteristics of the zooplankton of the Adriatic Sea. Bulletin de l'Institut Oceanographicque 65 (1351): 1-24.  ",Adriatic Sea,ICES_WGZE_COPEPEDIA,same as adult
Not_Staged,Not_Staged,Nematoscelis megalops,log10(DW_ug) = 2.822 * log10(TL_um) - 8.069,2.822,-8.069,TL,DW,Lindley_et_al_1999,10.1093/plankt/21.11.2053,North Atlantic ,NA,same as adult
Not_Staged,Not_Staged,Neocalanus,log10(C_ug) = 3.237 * log10(PL_um) - 9.794,3.237,-9.794,PL,C,Ueda_et_al_2008,"CIT:Ueda, A., T. Kobari, and D. K. Steinberg. 2008. Body length, weight and chemical composition of ontogenetically migrating copepods in the Western Subarctic Gyre of the North Pacific Ocean. Bull. Plankton Soc. Japan 55: 107–114.",North Pacific Ocean,Nakamura_et_al_2017,Eqn. for Neocalanus plumchurus;CI-CV
Not_Staged,Not_Staged,Neocalanus,log10(DW_ug) = 2.044 * log10(PL_um) - 4.881,2.044,-4.881,PL,DW,Ueda_et_al_2008,"CIT:Ueda, A., T. Kobari, and D. K. Steinberg. 2008. Body length, weight and chemical composition of ontogenetically migrating copepods in the Western Subarctic Gyre of the North Pacific Ocean. Bull. Plankton Soc. Japan 55: 107–114.",North Pacific Ocean,Nakamura_et_al_2017,Eqn. for Neocalanus plumchurus;CI-CV
Not_Staged,Not_Staged,Neomysis americana,log10(DW_ug) = 2.73224 * log10(TL_um) - 7.834,2.73224,-7.834,TL,DW,Chapina_et_al_2020,10.1093/jcbiol/ruaa031,Chesapeake Bay,Lindsay_Morrisson_1974,log10(W_ug) = 2.6423 * log10(L_um) - 7.5555
Not_Staged,Not_Staged,Oikopleura,log10(C_ug) = 2.83 * log10(TrL_um) - 7.582,2.83,-7.582,TrL,C,Sato_et_al_2001,10.1093/plankt/23.4.415,NA,Ara_et_al_2016;Hopcroft_et_al_2005;Lavaniegos_Ohman_2007;Jaspers_et_al_2009,ICES 6th Zooplankton Symposium;log10(C_ug) = 3.20 * log10(TrL_um) - 8.93 in Hopcroft et al 2005
Not_Staged,Not_Staged,Oikopleura,log10(DW_ug) = 1.988 * log10(TrL_um) - 4.264,1.988,-4.264,TrL,DW,Nakamura_et_al_2017,10.6620/ZS.2017.56-13,southern Japan Sea,Shichinohe 2000;Lavaniegos_Ohman_2007;McGinty_et_al_2023;Hopcroft_et_al_1998,Hopcroft_et_al_1998 log10(DW_ug) = 2.47 * log10(TrL_um) - 10.51 Eqn. for Oikopleura longicauda;Data Sheet 1 Supp.Table 1
Not_Staged,Not_Staged,Oikopleura longicauda,log10(C_ug) = 2.83 * log10(TrL_um) - 7.582,2.83,-7.582,TrL,C,Sato_et_al_2001,10.1093/plankt/23.4.415,NA,Ara_et_al_2016;Hopcroft_et_al_2005;Lavaniegos_Ohman_2007;Jaspers_et_al_2009,same for Oikopleura;ICES 6th Zooplankton Symposium;log10(C_ug) = 3.20 * log10(TrL_um) - 8.93 in Hopcroft et al 2005
Not_Staged,Not_Staged,Oikopleura longicauda,log10(DW_ug) = 2.574 * log10(TrL_um) - 6.133,2.574,-6.133,TrL,DW,Lavaniegos_Ohman_2007,10.1016/j.pocean.2007.07.002,Mediterranean,Fenaux_Gorsky_1983;Hirst_2012;Nakamura_et_al_2017;Tomita_et_al_1999,Eqn. for Oikopleura longicauda;log10(DW_ug) = 2.39 * log10(TrL_um) - 5.74 in Tomita_et_al_1999
Not_Staged,Not_Staged,Oithona,log10(C_ug) = 2.16 * log10(CL_um) - 6.025,2.16,-6.025,CL,C,Sabatini_Kiorboe_1994,10.1093/plankt/16.10.1329,Denmark,NA,Eqn. for O. similis;W = 9.4676 x 10^-7 L^2.16
Not_Staged,Not_Staged,Oithona,log10(DW_ug) = 1.10 * log10(PL_um) - 3.07,1.1,-3.07,PL,DW,Chisholm_Roff_1990,10.1007/BF02114676,Jamaica,NA,NA
Not_Staged,Not_Staged,Oithona spinirostris,log10(C_ug) = 2.16 * log10(PL_um) - 6.025,2.16,-6.025,PL,C,Dvoretsky_Dvoretsky_2023,10.3390/d15010081,NA,Sabatini_Kiorboe_1994,Eqn. for Oithona atlantica and Oithona similis
Not_Staged,Not_Staged,Oncaea,log10(C_ug) = 3.16 * log10(PL_um) - 8.272,3.16,-8.272,PL,C,Bottger-Schnack_Schnack_2023,10.1007/s00227-023-04249-6,Pacific off Okinawa Island,Nakata_et_al_2001,Table 9
Not_Staged,Not_Staged,Oncaea,log10(C_ug) = 2.90 * log10(CL_um) - 7.60,2.9,-7.6,CL,C,Satapoomin_1999,10.1093/plankt/21.11.2117,Andaman Sea,Arendt_et_al_2012,W = 0.15 L^3 from freshwater Gusakov et al. 2021
Not_Staged,Not_Staged,Oncaea,log10(DW_ug) = 2.1 * log10(PL_um) - 5.05,2.1,-5.05,PL,DW,Bottger-Schnack_Schnack_2023,10.1007/s00227-023-04249-6,Tropical Atlantic ,Webber_Roff_1995,Eqn. for O. mediterranea CI-CVI;Table 8
Not_Staged,Not_Staged,Oncaea,log10(DW_ug) = 2.875 * log10(PL_um) - 7.458,2.875,-7.458,PL,DW,Bottger-Schnack_Schnack_2023,10.1007/s00227-023-04249-6,NW subarctic Pacific,Nishibe_2005,based on 12 spp.;Table 8
Not_Staged,Not_Staged,Ostracoda,log10(DW_ug) = 2.545 * log10(CL_um) - 6.4027,2.545,-6.4027,CL,DW,Lavaniegos_Ohman_2007,10.1016/j.pocean.2007.07.002,Oyashio Current ,Kaeriyama_Ikeda_2002,Eqn. for Ostracods
Not_Staged,Not_Staged,Ostracoda,log10(WW_ug) = 2.10 * log10(TL_um) - 4.396910,2.1,-4.397,CL,WW,Richardson_et_al_2006,10.1016/j.pocean.2005.09.011,NA,McGinty_et_al_2023;Peters_1983,General eqn. for copepods/zooplankton/ostracoda used in CPR survey;p.67;Data Sheet 1 Supp. Table 1;Original WMmg= 0.08*TLmm^2.1
Not_Staged,Not_Staged,Ostracoda,log10(WW_ug) = 2.42 * log10(SL_um) - 7.143,2.42,-7.143,TL,WW,Kaeriyama_Ikeda_2002,"CIT:Kaeriyama, H., and T. Ikeda. 2002. Body allometry and developmental characteristics of the three dominant pelagic ostracods (Discoconchoecia pseudodiscophora, Orthoconchoecia haddoni and Metaconchoecia skogsbergi) in the Oyashio region, western North Pacific. Plankton Biology and Ecology 49: 97–100.",western North Pacific Ocean,Nakamura_et_al_2017,Eqn. for Metaconchoecia skogsbergi
Not_Staged,Not_Staged,Paguridea,log10(DW_ug) = 1.97 * log10(CL_um) - 4.05,1.97,-4.05,CL,DW,Lindley_1998,10.1017/S0025315400040121,NA,NA,NA
Not_Staged,Not_Staged,Paracalanidae,log10(C_ug) = 3.128 * log10(PL_um) - 8.451,3.128,-8.451,PL,C,Uye_1991,"CIT:Uye, S. 1991. Temperature-Dependent Development and Growth of the Planktonic Copepod Paracalanus sp. in the Laboratory. Bull. Plankton Soc. Japan 627–636.",Japan,Uye_Shibuno_1992,same as Paracalanus 
Not_Staged,Not_Staged,Paracalanus,log10(C_ug) = 3.128 * log10(PL_um) - 8.451,3.128,-8.451,PL,C,Uye_1991,"CIT:Uye, S. 1991. Temperature-Dependent Development and Growth of the Planktonic Copepod Paracalanus sp. in the Laboratory. Bull. Plankton Soc. Japan 627–636.",Japan,Uye_Shibuno_1992,CI-CVI
Not_Staged,Not_Staged,Paracalanus,log10(DW_ug) = 3.25 * log10(PL_um) - 8.54,3.25,-8.54,PL,DW,Chisholm_Roff_1990,10.1007/BF02114676,Jamaica,NA,Eqn. for Paracalanus aculeatus
Not_Staged,Not_Staged,Paracalanus parvus,log10(C_ug) = 3.1280 * log10(PL_um) - 8.4510,3.128,-8.451,PL,C,Davis_1984,10.1007/BF00392761,Georges Bank,ICES_WGZE_COPEPEDIA,same as adult;Eqn. for Paracalanus spp.;CI-CVI
Not_Staged,Not_Staged,Paracalanus parvus,log10(C_ug) = 1.966 * log10(TL_um) - 5.404,1.966,-5.404,TL,C,Davis_1984,10.1007/BF00392761,Georges Bank,ICES_WGZE_COPEPEDIA,same as adult;Eggs-CVI
Not_Staged,Not_Staged,Paracalanus parvus,log10(DW_ug) = 2.738 * log10(PL_um) - 6.934,2.738,-6.934,PL,DW,Hay_et_al_1991,10.1016/0278-4343(91)90021-W,North Sea,ICES_WGZE_COPEPEDIA,same as adult;CI-CVI
Not_Staged,Not_Staged,Penilia avirostris,log10(C_ug)  = 4.51 * log10(BL_um) - 12.74,4.51,-12.74,TL,C,Uye_1982,10.1007/BF02110286,Japan,NA,body length
Not_Staged,Not_Staged,Penilia avirostris,log10(DW_ug) = 1.76 * log10(BL_um) - 4.39,1.76,-4.39,TL,DW,Atienza_et_al_2007,10.1007/s00227-006-0578-8,South Atlantic;Brazil,NA,from the tip of the head to the base of the caudal setae;Atienza 2006 vs 2007 give different DW–L slopes;body length
Not_Staged,Not_Staged,Penilia avirostris,log10(DW_ug) = 2.7 * log10(BL_um) - 4.39,2.7,-4.39,TL,DW,Atienza_et_al_2006,10.3354/meps315211,Balearic Sea;Spain,NA,from the tip of the head to the base of the caudal setae;Atienza 2006 vs 2007 give different DW–L slopes;body length
Not_Staged,Not_Staged,Penilia avirostris,log10(DW_ug) = 4.99 * log10(BL_um) - 13.77,4.99,-13.77,TL,DW,Uye_1982,10.1007/BF02110286,Japan,NA,body length
Not_Staged,Not_Staged,Phaennidae,log10(C_ug) = 2.512 * log10(PL_um) - 6.76,2.512,-6.76,PL,C,Lavaniegos_Ohman_2007,10.1016/j.pocean.2007.07.002,North Pacific,NA,Eqn. for Copepods
Not_Staged,Not_Staged,Pleuromamma,log10(DW_ug) = 2.723 * log10(PL_um) - 6.892,2.723,-6.892,PL,DW,Yamaguchi_Ikeda_2000,10.1093/plankt/22.1.29,western North Pacific Ocean,Nakamura_et_al_2017;Jimenez-Perez_Lavaniegos_2004,CI-CVI;Eqn. for Pleuromamma scutullata not found in NES
Not_Staged,Not_Staged,Pleuromamma borealis,log10(DW_ug) = 2.723 * log10(PL_um) - 6.892,2.723,-6.892,PL,DW,Yamaguchi_Ikeda_2000,10.1093/plankt/22.1.29,western North Pacific Ocean,Nakamura_et_al_2017;Jimenez-Perez_Lavaniegos_2004,CI-CVI;Eqn. for Pleuromamma scutullata not found in NES
Not_Staged,Not_Staged,Podon,log10(C_ug) = 4.15 * log10(SL_um) - 11.15,4.15,-11.15,SL,C,Uye_1982,10.1007/BF02110286,Japan,Pitois_Fox_2006;Rose_et_al_2004,Eqn. for Podon leuckarti;standard length
Not_Staged,Not_Staged,Podon,log10(DW_ug) = 3.90 * log10(SL_um) - 10.12,3.9,-10.12,SL,DW,Uye_1982,10.1007/BF02110286,Japan,Pitois_Fox_2006;Rose_et_al_2004,Eqn. for Podon leuckarti;standard length;Podon polyphemoides log DW = 4.08 log L - 10.6;General cladoceran eqn. log10(DW_ug) = 1.05 * log10(BL_um) - 2.59 in Rose_et_al_2004;Pitois paper reports different units than Rose
Not_Staged,Not_Staged,Polychaeta,log10(C_ug) = 1.38 * log10(BL_um) - 3.80,1.38,-3.8,TL,C,Hansen_1999,10.3354/meps178109,Denmark,Swalethorp_et_al_2014;Lavaniegos_Ohman_2007;Hirota_1986,Eqn. for Polydora spp.;larvae;Table S1
Not_Staged,Not_Staged,Polychaeta,log10(DW_ug) = 1.53 * log10(TL_um) - 3.10,1.53,-3.1,TL,DW,Nakamura_et_al_2017,10.6620/ZS.2017.56-13,Pacific,Imao_2005;McGinty_et_al_2023,Eqn. for Annelida spp.;Data Sheet 1 Supp.Table 1
Not_Staged,Not_Staged,Pontellidae,log10(DW_ug) = 2.637 * log10(PL_um) - 7.42,2.637,-7.42,PL,DW,Ara_2001,"CIT:Ara, K. 2001. Length-weight relationships and chemical content of the planktonic copepods in the Cananeia Lagoon estuarine system, Sao Paulo, Brazil. Plankton Biology and Ecology 48: 121–127.",Brazil,Hernandez-Trujillo_et_al_2014;McGinty_et_al_2023;ICES_WGZE_COPEPEDIA,Eqn. for Labidocera fluviatilis;Data Sheet 1 Supp.Table 1
Not_Staged,Not_Staged,Pseudocalanidae,log10(DW_ug) = 2.08 * log10(TL_um) - 5.456,2.08,-5.456,TL,DW,Lee_et_al_2003,10.1093/plankt/25.3.261,Funka Bay;Japan,Nakamura_et_al_2017,Eqn. for Pseudocalanus newmani;CI-CV;10C temp
Not_Staged,Not_Staged,Pseudocalanidae,log10(DW_ug) = 2.7302 * log10(CL_um) - 6.9121,2.7302,-6.9121,CL,DW,KleinBreteler_et_al_1982,10.1016/0077-7579(82)90030-8,North Sea and Cultured copepodites,KleinBreteler_Gonzalez_1988,Eqn. for Pseudocalanus spp.;CI-CVI;cephalothorax length;their other paper uses PL for this
Not_Staged,Not_Staged,Pseudocalanidae,log10(DW_ug) = 2.40 * log10(PL_um) - 5.97,2.4,-5.97,PL,DW,Ohman_1985,URL:https://escholarship.org/uc/item/6fk0f0rk,Dabob Bay;Washington USA;Pacific,NA,Eqn. for Pseudocalanus spp.;females
Not_Staged,Not_Staged,Pseudocalanus minutus,log10(C_ug) = 3.6400 * log10(CL_um) - 10.1550,3.64,-10.155,PL,C,McLaren_1969,10.1139/f69-139,Baffin Island,ICES_WGZE_COPEPEDIA,same as adult;CIII-CVI;original Cephalothorax Cug = 5.83 L ^3.64
Not_Staged,Not_Staged,Pseudocalanus minutus,log10(DW_ug) = 3.649 * log10(PL_um) - 9.870,3.649,-9.87,PL,DW,McLaren_1969,10.1139/f69-139,Baffin Island,ICES_WGZE_COPEPEDIA,same as adult
Not_Staged,Not_Staged,Pseudodiaptomus,log10(C_ug) = 3.1710 * log10(PL_um) - 8.6300,3.171,-8.63,PL,C,Uye_1983,10.1007/BF00396289,Sea of Japan,ICES_WGZE_COPEPEDIA,Pseudodiaptomus marinus CI-CVI
Not_Staged,Not_Staged,Pseudodiaptomus,log10(C_ug) = 2.81 * log10(TL_um) - 8.03,2.81,-8.03,TL,C,Uye_et_al_1983,10.1007/BF00396289,,NA,Eqn. for Pseudodiaptomus marinus adults and copepodites;body length
Not_Staged,Not_Staged,Pseudodiaptomus,log10(C_ug) = 3.17 * log10(PL_um) - 8.63,3.17,-8.63,PL,C,Uye_et_al_1983,10.1007/BF00396289,,NA,Eqn. for Pseudodiaptomus marinus adults and copepodites
Not_Staged,Not_Staged,Pseudodiaptomus,log10(DW_ug) = 2.392 * log10(TL_um) - 6.540,2.392,-6.54,TL,DW,Brun_et_al_2017,10.5194/essd-9-99-2017,NA,ICES_WGZE_COPEPEDIA,Pseudodiaptomus hessei
Not_Staged,Not_Staged,Rhincalanus,log10(C_ug) = 4.30 * log10(BL_um) - 13.368,4.3,-13.368,TL,C,Mullin_Brooks_1967,10.4319/lo.1967.12.4.0657,Cultured CCE,NA,Eqn. for R. nasutus;CI-CVI
Not_Staged,Not_Staged,Rhincalanus,log10(DW_ug) = 3.600 * log10(BL_um) - 10.661,3.6,-10.661,TL,DW,Mullin_Brooks_1967,10.4319/lo.1967.12.4.0657,Cultured CCE,NA,Eqn. for R. nasutus;CI-CVI
Not_Staged,Not_Staged,Rhincalanus,log10(WW_ug) = 3.22 * log10(TL_um) - 8.63,3.22,-8.63,TL,WW,Cass_et_al_2011,10.3354/meps09324,Costa Rica,NA,Eqn. for R. nasutus
Not_Staged,Not_Staged,Sagitta,log10(C_ug) = 3.13 * log10(L_um) - 11.0427,3.13,-11.0427,TL,C,Arendt_et_al_2013,10.1093/plankt/fbs087,Arctic,Conway_Robins_1991,very close to Uye_1982 eqn. intercept a bit lower
Not_Staged,Not_Staged,Sagitta,log10(DW_ug) = 2.80 * log10(TL_um) - 9,2.8,-9,TL,DW,McGinty_et_al_2023,10.3389/fmars.2023.989770,Japan,Imao_2005,Eqn. for Chaetognatha;Data Sheet 1 Supp.Table 1
Not_Staged,Not_Staged,Sagitta,log10(DW_ug) = 3.30 * log10(L_um) - 11.0938,3.3,-11.0938,TL,DW,Hopcroft_et_al_2005,10.1007/s00300-004-0680-7,Arctic;Canada,Matthews_Hestad_1977,Eqn. for Sagitta elegans;very close to Uye_1982 eqn. intercept a bit lower
Not_Staged,Not_Staged,Sagitta elegans,log10(C_ug) = 2.95 * log10(TL_um) - 10.299,2.95,-10.299,TL,C,McLaren_1969,10.1139/f69-139,Baffin Island,NA,NA
Not_Staged,Not_Staged,Sagitta elegans,log10(DW_ug) = 2.91 * log10(TL_um) - 9.52,2.91,-9.52,TL,DW,Nakamura_et_al_2017,10.6620/ZS.2017.56-13,Pacific,Imao_2005,NA
Not_Staged,Not_Staged,Salpidae,log10(DW_ug) = 2.86 * log10(TL_um) - 8.05,2.86,-8.05,TL,DW,Nakamura_et_al_2017,10.6620/ZS.2017.56-13,Pacific,Aono_1999,Thalia democratica aggregate zooid;log10(DW_ug) = 2.73 * log10(L_um) - 7.83 for Salpa fusiformis Nakamura_et_al_2017
Not_Staged,Not_Staged,Scolecitrichidae,log10(DW_ug) = 3.669 * log10(PL_um) - 9.739,3.669,-9.739,PL,DW,Nakamura_et_al_2017,10.6620/ZS.2017.56-13,southern Japan Sea,Yamaguchi_1999,Eqn. Scolecithricella minor;CII-CVI
Not_Staged,Not_Staged,Siphonophora,log10(C_ug) = 0.834 * log10(L_um) - 1.191,0.834,-1.191,TL,C,Lavaniegos_Ohman_2007,10.1016/j.pocean.2007.07.002,Mediterranean,NA,Nectophore height or zooid length;Estimated from Muggiaea atlantica Sphaeronectes gracilis and Abylopsis tetragona from DW-L and C-DW regressions
Not_Staged,Not_Staged,Spinocalanidae,log10(C_ug) = 2.512 * log10(PL_um) - 6.76,2.512,-6.76,PL,C,Lavaniegos_Ohman_2007,10.1016/j.pocean.2007.07.002,North Pacific,NA,Eqn. for Copepods
Not_Staged,Not_Staged,Spinocalanus,log10(C_ug) = 2.512 * log10(PL_um) - 6.76,2.512,-6.76,PL,C,Lavaniegos_Ohman_2007,10.1016/j.pocean.2007.07.002,North Pacific,NA,Eqn. for Copepods
Not_Staged,Not_Staged,Spiratella,log10(C_ug) = 3.102 * log10(L_um) - 7.837,3.102,-7.837,SL,C,Lavaniegos_Ohman_2007,10.1016/j.pocean.2007.07.002,North Pacific,NA,Eqn. for Thecosomes
Not_Staged,Not_Staged,Stomatopoda,log10(C_ug) = 3.28 * log10(CL_um) - 8.4209,3.28,-8.4209,CL,C,Hirota_1986,NA,NA,Ara_Shimoto_2018,Eqn. for decapod larvae
Not_Staged,Not_Staged,Temora,log10(DW_ug) = 3.06 * log10(CL_um) - 7.6958,3.06,-7.6958,PL,DW,KleinBreteler_et_al_1982,10.1016/0077-7579(82)90030-8,North Sea and Cultured copepodites,KleinBreteler_Gonzalez_1988;Mauchline_et_al_1998,CI-CVI;Eqn. for Temora longicornis CL;Table 33 Page 232
Not_Staged,Not_Staged,Temora longicornis,log10(DW_ug) = 3.06 * log10(CL_um) - 7.6958,3.06,-7.6958,PL,DW,KleinBreteler_et_al_1982,10.1016/0077-7579(82)90030-8,North Sea and Cultured copepodites,KleinBreteler_Gonzalez_1988;Mauchline_et_al_1998,same as adult;CI-CVI;CL;Table 33 Page 232
Not_Staged,Not_Staged,Temora stylifera,log10(WW_ug) = 2.057 * log10(PL_um) - 4.042   ,2.057,-4.042,PL,WW,Shmeleva_1965,"CIT:Shmeleva, A.A. 1965. Weight characteristics of the zooplankton of the Adriatic Sea. Bulletin de l'Institut Oceanographicque 65 (1351): 1-24.  ",Adriatic Sea,ICES_WGZE_COPEPEDIA,https://www.st.nmfs.noaa.gov/copepedia/taxa/T4000095/html/biometricframe.html
Not_Staged,Not_Staged,Temora turbinata,log10(DW_ug) = 3.341 * log10(PL_um) - 8.51,3.341,-8.51,PL,DW,Chisholm_Roff_1990,10.1007/BF02114676,Jamaica,NA,NA
Not_Staged,Not_Staged,Temoropia mayumbaensis,log10(C_ug) = 2.512 * log10(PL_um) - 6.76,2.512,-6.76,PL,C,Lavaniegos_Ohman_2007,10.1016/j.pocean.2007.07.002,North Pacific,NA,Eqn. for Copepods
Not_Staged,Not_Staged,Thaliacea ,log10(C_ug) = 1.93 * log10(OGL_um) - 5.58,1.93,-5.58,TL,C,Heron_et_al_1988,URL:jstor.org/stable/24827393,Australia,NA,Oral-Gut Length (OGL);Measurement B of Foxton (1966)
Not_Staged,Not_Staged,Thaliacea ,log10(DW_ug) = 3.66 * log10(L_um) - 11.72,3.66,-11.72,TL,DW,Nakamura_et_al_2017,10.6620/ZS.2017.56-13,Pacific,Aono_1999,Eqn. for Salpa aspera
Not_Staged,Not_Staged,Thecosomata,log10(C_ug) = 3.102 * log10(SL_um) - 7.837,3.102,-7.837,SL,C,Lavaniegos_Ohman_2007,10.1016/j.pocean.2007.07.002,North Pacific;Laboratory,NA,Eqn. for Thecosomes;shell length;Limacina retroversa
Not_Staged,Not_Staged,Thecosomata,log10(DW_ug) = 1.501 * log10(SL_um) - 2.37,1.501,-2.37,SL,DW,Bednarsek_et_al_2012b,10.1016/j.dsr2.2011.08.003,Scotia Sea Southern Ocean,McGinty_et_al_2023;Bednarsek_et_al_2012a;Lavaniegos_Ohman_2007,Eqn. for Limacina helicina;Data Sheet 1 Supp. Table 1;Original DW = 0.1365*TL^1.501;log10(DW_ug) = 2.659 * log10(SL_um) - 7.562 Lavaniegos_Ohman_2007 for shell
Not_Staged,Not_Staged,Thecosomata,log10(WW_ug) = 2.293 * log10(SL_um) - 4.546,2.293,-4.546,SL,WW,Davis_Wiebe_1985,10.1029/JC090iC05p08871,Northeast U.S. Shelf;Southern New England;near NESLTER line,Bednarsek_et_al_2012a;Wiebe_et_al_1985,shelled pteropoda
Not_Staged,Not_Staged,Thysanoessa gregaria,log10(DW_ug) = 2.871 * log10(TL_um) - 8.233,2.871,-8.233,TL,DW,Lindley_et_al_1999,10.1093/plankt/21.11.2053,North Atlantic ,McGinty_et_al_2023,same as adult;Eqn. for Thysanoessa longicaudata adult females;L from the tip of the rostrum to the tip of the telson excluding terminal spines;Data Sheet 1 Supp.Table 1
Not_Staged,Not_Staged,Thysanoessa longicaudata,log10(DW_ug) = 2.871 * log10(TL_um) - 8.233,2.871,-8.233,TL,DW,Lindley_et_al_1999,10.1093/plankt/21.11.2053,North Atlantic ,NA,same as adult;Adult females;L from the tip of the rostrum to the tip of the telson excluding terminal spines
Not_Staged,Not_Staged,Thysanoessa raschii,log10(C_ug) = 3.549 * log10(TL_um) - 11.530,3.549,-11.53,TL,C,Agersted_Nielsen_2014,10.1093/plankt/fbt139,Greenland,NA,same as adult;length measured from tip of rostrum to end of telson
Not_Staged,Not_Staged,Tomopteris,log10(C_ug) = 1.3848 * log10(TL_um) - 3.2793,1.3848,-3.2793,TL,C,Lavaniegos_Ohman_2007,10.1016/j.pocean.2007.07.002,Norway;California,Hirota_1986,Estimated from data of Tomopteris planctonis and T. helgolandica predicted by DW-L regressions;log10(C_ug) = 2.10 * log10(L_um) - 5.9706 in Hirota 1986
Not_Staged,Not_Staged,Tortanus discaudatus,log10(C_ug) = 2.61 * log10(PL_um) - 6.80,2.6,-6.8,PL,C,Uye_1982,10.1007/BF02110286,Japan,ICES_WGZE_COPEPEDIA,Eqn. for Tortanus forcipatus;spp. not present in NES;https://www.st.nmfs.noaa.gov/nauplius/media/copepedia/taxa/T4003232/html/biometricframe.html
Not_Staged,Not_Staged,Tortanus discaudatus,log10(DW_ug) = 2.50 * log10(PL_um) - 6.11,2.5,-6.11,PL,DW,Uye_1982,10.1007/BF02110286,Japan,ICES_WGZE_COPEPEDIA,Eqn. for Tortanus forcipatus;spp. not present in NES;https://www.st.nmfs.noaa.gov/nauplius/media/copepedia/taxa/T4003232/html/biometricframe.html
Not_Staged,Not_Staged,Undinula vulgaris,log10(DW_ug) = 3.65 * log10(PL_um) - 9.94,3.65,-9.94,PL,DW,Chisholm_Roff_1990,10.1007/BF02114676,Jamaica,NA,NA
